{
  "roc_auc": 0.9858446306163646,
  "positive_rate": 0.005788651743883394
}